point_id,ngv,n_disc,radius,n_below_m1,n_above_45
1002_2021_MN,0.012553073657005722,5417,7.5,0,0
1003_2021_MN,0.0,5960,7.5,0,0
1004_2021_MN,0.011111111111111112,5490,7.5,0,0
1005_2021_MN,0.008202443280977313,5730,7.5,0,0
1006_2021_MN,0.00018057060310581438,5538,7.5,0,0
1007_2021_MN,0.006515389800044934,4451,7.5,0,0
1008_2021_MN,0.05725257462035259,5729,7.5,0,0
1009_2021_MN,0.0030249960197420793,6281,7.5,0,0
1010_2021_MN,0.0,6420,7.5,0,0
1011_2021_MN,0.0,5581,7.5,0,0
1012_2021_MN,0.0014615134784020786,6158,7.5,0,0
1013_2021_MN,0.0,6023,7.5,0,0
1014_2021_MN,0.0019856422789063695,6547,7.5,0,0
1015_2021_MN,0.0,6192,7.5,0,0
1019_2021_MN,0.21171032357473035,3245,7.5,0,0
1020_2022_MN,0.12737430167597766,5370,7.5,0,0
1021_2022_MN,0.18766355140186916,5350,7.5,0,0
1022_2022_MN,0.0028169014084507044,5325,7.5,0,0
1023_2022_MN,0.05952380952380952,5376,7.5,0,0
1024_2022_MN,0.07229364635736911,5367,7.5,0,0
1025_2022_MN,0.030950249392505437,7819,7.5,0,0
1026_2022_MN,0.03104754919936438,8181,7.5,0,0
1027_2022_MN,0.012209080503624571,5242,7.5,0,0
1028_2022_MN,0.015949554896142432,5392,7.5,0,0
1029_2022_MN,0.02660633484162896,5525,7.5,0,0
1030_2022_MN,0.06532663316582915,7960,7.5,0,0
1031_2022_MN,0.001017682228724081,7861,7.5,0,0
1032_2022_MN,0.0023726957473991605,5479,7.5,0,0
1033_2022_MN,0.028555534952716486,5393,7.5,0,0
1034_2022_MN,0.17469310670443816,8472,7.5,6,0
1035_2022_MN,0.04399441340782123,8592,7.5,0,0
1036_2022_MN,0.009488005728607233,5586,7.5,0,0
1037_2022_MN,0.003166325200223505,5369,7.5,0,0
1038_2022_MN,0.004493065051767923,5119,7.5,0,0
1039_2022_MN,0.03867947770386795,8118,7.5,0,0
1040_2022_MN,0.003017394391196308,5634,7.5,0,0
1041_2021_MN,0.005326231691078562,1502,7.5,0,0
1042_2021_MN,0.015725518227305217,1399,7.5,0,0
1044_2021_MN,0.02695595003287311,1521,7.5,0,0
1045_2021_MN,0.013726835964310227,1457,7.5,0,0
1046_2021_MN,0.0,1521,7.5,0,0
1047_2021_MN,0.08652482269503546,1410,7.5,0,0
1048_2021_MN,0.06254248810333107,1471,7.5,0,0
1049_2021_MN,0.032564450474898234,1474,7.5,0,0
1050_2021_MN,0.01588271227855834,1637,7.5,0,0
1051_2021_MN,0.0,1583,7.5,0,0
1052_2021_MN,0.007994670219853431,1501,7.5,0,0
1053_2021_MN,0.00333555703802535,1499,7.5,0,0
1054_2021_MN,0.047619047619047616,1638,7.5,0,0
1055_2021_MN,0.07349081364829396,1524,7.5,0,0
1056_2021_MN,0.025139664804469275,1432,7.5,0,0
1057_2021_MN,0.0,1424,7.5,0,0
1058_2021_MN,0.09725016767270288,1491,7.5,0,0
1059_2021_MN,0.055517941773865945,1477,7.5,0,0
1061_2021_MN,0.06438068579426172,1429,7.5,0,0
1062_2021_MN,0.032021347565043365,1499,7.5,0,0
1063_2021_MN,0.002663115845539281,1502,7.5,0,0
1064_2021_MN,0.0031466331025802393,1589,7.5,0,0
1065_2021_MN,0.002362669816893089,1693,7.5,0,0
1066_2021_MN,0.0,1737,7.5,0,0
1067_2021_MN,0.05184033177812338,1929,7.5,0,0
1068_2021_MN,0.08751696065128901,1474,7.5,0,0
1069_2021_MN,0.0651872399445215,1442,7.5,0,0
1072_2021_MN,0.008531383302864107,1641,7.5,0,0
1073_2021_MN,0.08536585365853659,1640,7.5,0,0
1074_2021_MN,0.08947108255066732,2023,7.5,0,0
1075_2021_MN,0.010075566750629723,1588,7.5,0,0
1076_2021_MN,0.058240396530359353,1614,7.5,0,0
1077_2021_MN,0.1975736568457539,1731,7.5,0,0
1078_2021_MN,0.0,3056,7.5,0,0
1079_2021_MN,0.0066707095209217705,1649,7.5,0,0
1080_2021_MN,0.00801068090787717,1498,7.5,0,0
1081_2021_MN,0.0,1637,7.5,0,0
1082_2021_MN,0.2083086053412463,1685,7.5,0,0
1083_2021_MN,0.07528957528957529,1554,7.5,0,0
1084_2022_MN,0.041781704399042885,5433,7.5,0,0
1085_2021_MN,0.007441327990841442,1747,7.5,0,0
1086_2021_MN,0.0,1513,7.5,0,0
1087_2021_MN,0.0,1612,7.5,0,0
1088_2022_MN,0.0,4204,7.5,0,0
1089_2022_MN,0.011180124223602485,1610,7.5,0,0
1090_2022_MN,0.0,1845,7.5,0,0
1091_2022_MN,0.008141112618724558,1474,7.5,1,0
1092_2022_MN,0.00047393364928909954,2110,7.5,0,0
1094_2021_MN,0.0,1678,7.5,0,0
1095_2021_MN,0.0,1638,7.5,0,0
1096_2021_MN,0.02119205298013245,1510,7.5,0,0
1097_2021_MN,0.028467595396729255,1651,7.5,0,0
1098_2021_MN,0.006983240223463687,1432,7.5,0,0
1099_2021_MN,0.01694915254237288,1652,7.5,0,0
1100_2021_MN,0.0016736401673640166,1195,7.5,0,0
1101_2021_MN,0.04196255648805681,1549,7.5,0,0
1102_2021_MN,0.11924821775761503,1543,7.5,0,0
1105_2021_MN,0.031427716252618976,3341,7.5,0,0
1106_2021_MN,0.048678720445062586,1438,7.5,0,0
1108_2021_MN,0.0,5462,7.5,0,0
1109_2021_MN,0.04296737986671344,5702,7.5,0,0
1110_2021_MN,0.009765625,6144,7.5,0,0
1111_2021_MN,0.07658505963590709,12744,7.5,0,0
1112_2021_MN,0.14684287812041116,5448,7.5,0,0
1113_2021_MN,0.061052631578947365,5700,7.5,0,0
1115_2021_MN,0.11940547762191049,5988,7.5,0,0
1116_2021_MN,0.00015997440409534473,12502,7.5,0,0
1118_2021_MN,0.01675341574495771,12296,7.5,0,0
1119_2021_MN,0.00026733202637675994,11222,7.5,0,0
1120_2021_MN,0.0016358580075249468,6113,7.5,0,0
1121_2021_MN,0.00018165304268846503,5505,7.5,0,0
1122_2021_MN,0.19397242705995513,6238,7.5,0,0
1124_2021_MN,0.00439453125,6144,7.5,0,0
1126_2021_MN,0.0017931858936043037,1673,7.5,0,0
1127_2022_MN,0.13290083410565337,5395,7.5,0,0
1128_2022_MN,0.001309880239520958,5344,7.5,0,0
1129_2022_MN,0.06657371906587661,5738,7.5,0,0
1130_2022_MN,0.00429553264604811,8148,7.5,0,0
1131_2022_MN,0.017888198757763974,8050,7.5,0,0
1132_2022_MN,0.03954195741635355,5589,7.5,0,0
1133_2022_MN,0.07361613087312155,5257,7.5,0,0
1134_2022_MN,0.0011046236389458735,6337,7.5,0,0
1135_2022_MN,0.035345157585810895,7837,7.5,0,0
1136_2022_MN,0.0,5100,7.5,0,0
1137_2022_MN,0.008926717874195557,4817,7.5,0,0
1138_2022_MN,0.03755067207168765,4687,7.5,0,0
1139_2022_MN,0.00012444001991040318,8036,7.5,0,0
1140_2022_MN,0.057023895727733524,5524,7.5,0,0
1141_2022_MN,0.005203031331297365,8841,7.5,0,0
1142_2022_MN,0.15423589018498882,8487,7.5,0,0
1143_2022_MN,0.004717551711624531,8267,7.5,0,0
1144_2022_MN,0.04227261523293074,8114,7.5,0,0
1146_2022_MN,0.057971014492753624,5451,7.5,0,0
1147_2021_MN,0.021172638436482084,1842,7.5,0,0
2001_2021_MN,0.025533108866442198,3564,7.5,0,0
2002_2022_MN,0.0,3073,7.5,0,0
2003_2021_MN,0.0027837921435199505,3233,7.5,0,0
2004_2021_MN,0.03881278538812785,3066,7.5,0,0
2005_2021_MN,0.0517386191836049,5953,7.5,0,0
2006_2022_MN,0.037212696096315216,5482,7.5,0,0
2007_2021_MN,0.01288135593220339,2950,7.5,0,0
2008_2021_MN,0.00625,3040,7.5,0,0
2009_2021_MN,0.005115089514066497,1564,7.5,0,0
2010_2022_MN,0.02460612497787219,5649,7.5,0,0
2011_2021_MN,0.0,1858,7.5,0,0
2012_2022_MN,0.07337883959044368,1758,7.5,0,0
2013_2021_MN,0.03884711779448621,1596,7.5,0,0
2014_2021_MN,0.0013689253935660506,1461,7.5,0,0
2015_2021_MN,0.05722154222766218,3268,7.5,0,0
2016_2021_MN,0.1284465366509751,1487,7.5,0,0
2017_2021_MN,0.01794905635475782,7577,7.5,22,85
2018_2021_MN,0.007007007007007007,3996,7.5,0,0
2019_2021_MN,0.0,1504,7.5,0,0
2020_2021_MN,0.04403606102635229,11536,7.5,0,0
2021_2022_MN,0.03676204273813836,5522,7.5,0,0
2022_2021_MN,0.045327754532775454,1434,7.5,0,0
2023_2021_MN,0.173421926910299,1505,7.5,0,0
2024_2021_MN,0.0,1725,7.5,0,0
2025_2021_MN,0.09854913769504517,3653,7.5,0,0
2026_2021_MN,0.0,12190,7.5,0,0
2027_2021_MN,0.05022392834293026,3126,7.5,0,0
2028_2021_MN,0.013431833445265278,1489,7.5,0,0
2029_2021_MN,0.03006614552014432,1663,7.5,0,0
2030_2021_MN,0.053306342780026994,2964,7.5,0,0
2031_2021_MN,0.0,1500,7.5,0,0
2032_2022_MN,0.1292616226071103,5485,7.5,0,0
2033_2021_MN,0.1361760660247593,1454,7.5,0,0
2034_2021_MN,0.07631359466221851,2398,7.5,0,0
2035_2021_MN,0.0,1517,7.5,0,0
2036_2021_MN,0.04540023894862605,1674,7.5,0,0
2037_2021_MN,0.06823085221143474,3708,7.5,0,0
2038_2021_MN,0.025867507886435333,1585,7.5,0,0
2039_2022_MN,0.04780361757105943,1548,7.5,7,0
2040_2021_MN,0.0,1359,7.5,0,0
2041_2022_MN,0.003915426781519186,3831,7.5,0,0
2042_2021_MN,0.14051282051282052,2925,7.5,0,0
2043_2022_MN,0.028890347997373604,1523,7.5,0,0
2044_2021_MN,0.033630748112560054,1457,7.5,0,0
2045_2021_MN,0.0013600816048962938,2941,7.5,0,0
2046_2022_MN,0.10402373447061004,5393,7.5,0,0
2047_2021_MN,0.0,3217,7.5,0,0
2048_2021_MN,0.00423728813559322,2832,7.5,0,0
2049_2021_MN,0.191376855806386,4917,7.5,0,0
2050_2021_MN,0.029411764705882353,11152,7.5,0,0
2051_2022_MN,0.07712765957446809,1504,7.5,0,0
2052_2021_MN,0.0030508474576271187,2950,7.5,0,0
2053_2021_MN,0.031120990790727214,3149,7.5,0,0
2054_2021_MN,0.004596380350474002,3481,7.5,0,0
2055_2021_MN,0.0006289308176100629,1590,7.5,0,0
2056_2021_MN,0.031089853091902972,2927,7.5,0,0
2057_2021_MN,0.08743169398907104,1647,7.5,0,0
2058_2022_MN,0.0032135553607946245,3423,7.5,0,0
2059_2021_MN,0.03232817169247487,3681,7.5,0,0
2060_2021_MN,0.03195105370496261,1471,7.5,0,0
2061_2021_MN,0.019601437438745508,3061,7.5,0,0
2062_2021_MN,0.041191381495564006,1578,7.5,0,0
2063_2021_MN,0.03841536614645858,1666,7.5,0,0
2064_2021_MN,0.0006531678641410843,1531,7.5,0,0
2065_2021_MN,0.12831325301204818,1660,7.5,0,0
2066_2021_MN,0.23067983730389308,1721,7.5,0,0
2067_2021_MN,0.0006587615283267457,1518,7.5,0,0
2068_2021_MN,0.002352941176470588,3400,7.5,0,0
2069_2021_MN,0.03894216797442604,3441,7.5,0,0
2070_2021_MN,0.014884979702300407,1478,7.5,0,0
2071_2021_MN,0.019538757206918642,3122,7.5,0,0
2072_2021_MN,0.09760705289672544,3176,7.5,0,0
2073_2022_MN,0.009577347491151364,4803,7.5,0,0
2074_2021_MN,0.09683666881859264,1549,7.5,0,0
2075_2021_MN,0.024528301886792454,3180,7.5,0,0
2076_2021_MN,0.005496281926931782,3093,7.5,0,0
2077_2021_MN,0.02262727844123193,1591,7.5,0,0
2078_2021_MN,0.0,1460,7.5,0,0
2079_2021_MN,0.07706422018348624,1635,7.5,0,0
2080_2021_MN,0.06188118811881188,3232,7.5,0,0
2081_2021_MN,0.024489795918367346,1470,7.5,0,0
2082_2022_MN,0.1070811744386874,3474,7.5,0,0
2083_2022_MN,0.0,1538,7.5,0,0
2084_2021_MN,0.02012987012987013,1540,7.5,0,0
2085_2021_MN,0.0,1448,7.5,0,0
2086_2021_MN,0.02805949966193374,2958,7.5,0,0
2087_2021_MN,0.09675236806495263,1478,7.5,0,0
2088_2021_MN,0.17130488559059986,1617,7.5,0,0
2089_2021_MN,0.22121014964216004,1537,7.5,0,0
2090_2022_MN,0.008019639934533552,6110,7.5,0,0
2091_2021_MN,0.0,1557,7.5,0,0
2092_2021_MN,0.03916272788656313,1481,7.5,0,0
2093_2022_MN,0.004995836802664446,10809,7.5,0,0
2094_2021_MN,0.021678321678321677,1430,7.5,0,0
2095_2022_MN,0.0213903743315508,1683,7.5,0,0
2096_2021_MN,0.0,1450,7.5,0,0
2097_2021_MN,0.0918052988293284,1623,7.5,13,0
2098_2021_MN,0.006228163451313991,6583,7.5,0,0
2099_2021_MN,0.0005861664712778429,1706,7.5,0,0
2100_2021_MN,0.00501432664756447,1396,7.5,0,0
2101_2021_MN,0.08564231738035265,1588,7.5,0,0
2102_2022_MN,0.0011299435028248588,3540,7.5,0,0
2103_2021_MN,0.09642470205850487,3692,7.5,0,0
2104_2021_MN,0.0,3244,7.5,0,0
2105_2021_MN,0.0,3430,7.5,0,0
2106_2021_MN,0.0,3150,7.5,0,0
2107_2021_MN,0.048862115127175365,2988,7.5,0,0
2108_2021_MN,0.0029712776493892373,3029,7.5,0,0
2109_2021_MN,0.08694246929541047,3094,7.5,0,0
2110_2021_MN,0.0,1537,7.5,0,0
2111_2021_MN,0.00046918986549890525,6394,7.5,0,0
2112_2021_MN,0.197514715500327,1529,7.5,0,0
2113_2022_MN,0.024584970219237105,7891,7.5,0,0
2114_2021_MN,0.22408627920910726,1669,7.5,0,0
2115_2021_MN,0.08271186440677966,1475,7.5,0,0
2116_2021_MN,0.02694136291600634,1893,7.5,0,0
2117_2021_MN,0.13019218846869188,1613,7.5,0,0
2118_2021_MN,0.050096961861667746,3094,7.5,0,0
2119_2021_MN,0.0077192982456140355,1425,7.5,0,0
2120_2021_MN,0.00016168148746968473,6185,7.5,0,0
2121_2021_MN,0.0006578947368421052,1520,7.5,0,0
2122_2022_MN,0.012333333333333333,6000,7.5,0,0
2123_2021_MN,0.12843406593406592,1456,7.5,0,0
2124_2022_MN,0.0,5330,7.5,0,0
2125_2021_MN,0.03672985781990521,5908,7.5,0,0
2126_2022_MN,0.028824833702882482,1353,7.5,0,0
2127_2022_MN,0.03697284806470248,1731,7.5,0,0
2128_2021_MN,0.005670240099229202,11287,7.5,0,0
2129_2022_MN,0.0199203187250996,2761,7.5,0,0
2130_2021_MN,0.0028328611898017,1412,7.5,0,0
2131_2021_MN,0.0,3707,7.5,0,0
2132_2021_MN,0.009551800146950772,1361,7.5,0,0
2133_2021_MN,0.0677703052250388,1933,7.5,0,0
2134_2021_MN,0.006024096385542169,1494,7.5,0,0
2135_2021_MN,0.004658810633050151,3649,7.5,0,0
2136_2021_MN,0.009283819628647215,1508,7.5,0,0
2137_2021_MN,0.0,1655,7.5,0,0
2138_2021_MN,0.0274442538593482,2915,7.5,0,0
2139_2021_MN,0.019690122659780502,3098,7.5,0,0
2140_2021_MN,0.022753792298716453,1714,7.5,0,0
2141_2021_MN,0.16401321718233705,3329,7.5,0,0
2142_2021_MN,0.15245623941276115,1771,7.5,0,0
2143_2022_MN,0.00906858114490837,5293,7.5,0,0
2144_2021_MN,0.0,2893,7.5,0,0
2145_2021_MN,0.04884488448844884,1515,7.5,0,0
2146_2021_MN,0.056657223796033995,1765,7.5,0,0
2147_2022_MN,0.03440898555892316,5609,7.5,0,0
2148_2021_MN,0.010127239678005712,3851,7.5,0,0
2149_2021_MN,0.012623985572587917,3327,7.5,0,0
2150_2021_MN,0.009180790960451978,1416,7.5,0,0
2151_2021_MN,0.07889546351084813,1521,7.5,0,0
2152_2022_MN,0.021520236920039487,5065,7.5,0,0
2153_2022_MN,0.004824012864034304,5597,7.5,0,0
2154_2021_MN,0.0580608793686584,1774,7.5,0,0
2155_2021_MN,0.05086313193588163,3244,7.5,0,0
2156_2021_MN,0.000683526999316473,1463,7.5,0,0
2157_2021_MN,0.0,1477,7.5,0,0
2158_2021_MN,0.00130718954248366,1530,7.5,0,0
2159_2021_MN,0.12103838190794712,6279,7.5,0,0
2160_2022_MN,0.00012061271257990592,8291,7.5,0,0
2161_2021_MN,0.0,5848,7.5,0,0
2162_2021_MN,0.012784376887457217,9934,7.5,0,0
2163_2021_MN,0.003628566716147122,6063,7.5,0,0
2164_2021_MN,0.04752206381534284,5892,7.5,0,132
2165_2021_MN,0.03854466858789626,5552,7.5,0,0
2166_2021_MN,0.24102609000175101,11422,7.5,0,0
2167_2021_MN,0.09762223710649699,11944,7.5,0,0
2168_2021_MN,0.0014998750104157988,12001,7.5,0,0
2169_2021_MN,0.03411962931760741,9496,7.5,0,0
2170_2021_MN,0.0,11086,7.5,0,0
2171_2021_MN,0.030820872749465975,6554,7.5,0,0
2172_2021_MN,0.11463229719484458,6595,7.5,0,0
2173_2021_MN,0.004226954966672086,6151,7.5,0,0
2174_2021_MN,0.014318255776114546,6146,7.5,0,0
2175_2021_MN,0.0472746752377126,14934,7.5,0,0
2176_2021_MN,0.00017162962327297692,11653,7.5,0,0
2177_2021_MN,0.0026219192448872575,5721,7.5,0,0
2178_2021_MN,0.003247631935047361,7390,7.5,0,0
2179_2021_MN,0.10601959869342044,10715,7.5,0,0
2180_2021_MN,0.03897644467039485,11802,7.5,0,0
2181_2021_MN,0.058519491896627245,11415,7.5,0,0
2182_2021_MN,0.04575062034739454,6448,7.5,0,0
2183_2021_MN,0.02878516832005204,6149,7.5,0,0
2184_2021_MN,0.003063167480751718,12079,7.5,0,0
2185_2021_MN,0.0,5245,7.5,0,0
2186_2021_MN,0.007148530579825258,12590,7.5,0,0
2187_2021_MN,0.012883076322467305,5123,7.5,0,0
2188_2021_MN,0.04208754208754209,9504,7.5,0,0
2189_2021_MN,0.00021134946634259749,9463,7.5,0,0
2190_2021_MN,0.00268411340379131,5961,7.5,0,0
2191_2021_MN,0.0,10598,7.5,0,0
2192_2021_MN,0.09255356515630488,11388,7.5,0,0
2193_2021_MN,0.0035157810627247303,12515,7.5,0,0
2194_2021_MN,0.09867013145826964,13084,7.5,0,0
2195_2022_MN,0.12287334593572778,5290,7.5,0,0
2196_2022_MN,0.0,6539,7.5,0,0
2197_2021_MN,0.0,3222,7.5,0,0
2198A_2022_MN,0.0,5525,7.5,0,0
2198_2022_MN,0.0014233187047799788,8431,7.5,0,0
2199_2022_MN,0.0,5545,7.5,0,0
2200_2022_MN,0.0017944730230888863,8359,7.5,0,0
2201_2022_MN,0.013198316076914325,8789,7.5,0,0
2202_2022_MN,0.12750321513871027,5443,7.5,0,0
2203_2022_MN,0.023596122187671483,5467,7.5,0,0
2204_2022_MN,0.019863438857852266,1611,7.5,0,0
2205_2022_MN,0.0,5137,7.5,0,0
2206_2022_MN,0.13200068929863865,5803,7.5,0,0
2207_2022_MN,0.01163623344074472,5586,7.5,0,0
2208_2022_MN,0.021829652996845427,7925,7.5,0,0
2209_2022_MN,0.06929966231096756,6811,7.5,0,0
2210_2021_MN,0.14628057913130305,2003,7.5,0,0
2211_2022_MN,0.07555296856810244,8590,7.5,0,0
2212_2022_MN,0.0016460905349794238,8505,7.5,0,0
2213_2022_MN,0.00120312813314618,4987,7.5,0,0
2214_2022_MN,0.09037726838586438,8376,7.5,0,0
2215_2022_MN,0.0005587632706276774,5369,7.5,0,0
2216_2022_MN,0.025123890745649417,8677,7.5,0,0
2217_2022_MN,0.0016936394429808055,5314,7.5,0,0
2218_2022_MN,0.0,5130,7.5,0,0
2219_2022_MN,0.001052262364082778,5702,7.5,0,0
2220_2022_MN,0.05429191907646588,8749,7.5,0,0
2221_2022_MN,0.0006108735491753207,4911,7.5,0,0
2222_2022_MN,0.003537879712089789,8197,7.5,0,0
2223_2022_MN,0.03266699171136031,8204,7.5,0,0
2224_2022_MN,0.027485452519499815,8077,7.5,0,0
2225_2022_MN,0.0011574074074074073,1728,7.5,4,0
2226_2022_MN,0.04596848934198332,5395,7.5,0,0
3000_2021_MN,0.006983240223463687,1432,7.5,0,0
3001_2021_MN,0.2280571809495593,13501,7.5,0,0
3002_2021_MN,0.016286644951140065,6447,7.5,0,0
3003_2021_MN,0.3145906690140845,9088,7.5,0,0
3004_2021_MN,0.09259259259259259,8532,7.5,0,0
3005_2021_MN,0.31516417910447764,16750,7.5,106,0
3006_2021_MN,0.26563876651982377,11350,7.5,0,0
3007_2021_MN,0.12026832774317202,16696,7.5,0,0
3008_2021_MN,0.038798219584569735,40440,7.5,0,0
3009_2021_MN,0.16604330708661416,10160,7.5,0,0
3010_2021_MN,0.14347225607279226,12309,7.5,0,0
3011_2021_MN,0.0030441400304414,3285,7.5,0,0
3012_2021_MN,0.0009315718157181572,11808,7.5,0,0
3013_2021_MN,0.1274703557312253,10120,7.5,0,0
3014_2021_MN,0.0611324903793293,9095,7.5,0,0
3015_2021_MN,0.3065064852221986,9406,7.5,0,0
3016_2021_MN,0.0,11943,7.5,0,0
3017_2021_MN,0.1461212456237332,5427,7.5,0,0
3018_2021_MN,0.001798920647611433,5003,7.5,0,0
3019_2021_MN,0.13848774947265943,12326,7.5,0,0
3020_2021_MN,0.07216296723359278,10407,7.5,0,0
3022_2021_MN,0.1695444828153264,12162,7.5,0,0
3023_2021_MN,0.37030357679591225,6654,7.5,0,0
3024_2021_MN,0.037582529202640935,9845,7.5,0,0
3025_2021_MN,0.05639097744360902,8246,7.5,0,0
3026_2021_MN,0.0,12116,7.5,0,0
3027_2021_MN,0.13849845731916352,5834,7.5,0,0
3028_2021_MN,0.023371365476628634,5434,7.5,0,0
3029_2021_MN,0.24511740179942945,4557,7.5,0,0
3030_2021_MN,0.00036643459142543056,5458,7.5,0,0
3031_2021_MN,9.336196433572963e-05,10711,7.5,0,0
3032_2021_MN,0.0229328165374677,6192,7.5,0,0
3033_2021_MN,0.3149432881841207,9081,7.5,0,0
3034_2021_MN,0.0,2293,7.5,0,0
3035_2022_MN,0.0007005253940455342,5710,7.5,0,0
3036_2022_MN,0.143998547303432,5507,7.5,0,0
3037_2021_MN,0.04852686308492201,5193,7.5,0,0
3038_2022_MN,0.08947885939036382,2034,7.5,0,0
3039_2022_MN,0.1256486601446193,11755,7.5,0,0
3040_2022_MN,0.2341420637240573,6842,7.5,0,0
3041_2021_MN,0.07413548081477972,4222,7.5,0,0
3042_2022_MN,0.03169282340393113,13126,7.5,0,0
3043_2022_MN,0.07901506798970967,5442,7.5,0,0
3044_2022_MN,0.0016224359717232587,8629,7.5,0,0
3045_2022_MN,0.08012583271650629,5404,7.5,0,0
3046_2022_MN,0.0973546877811769,5557,7.5,0,0
3047_2022_MN,0.03529839883551674,5496,7.5,0,0
3048_2022_MN,0.06773413201244097,8681,7.5,0,0
3049_2022_MN,0.1380328255992443,8469,7.5,0,0
3050_2022_MN,0.04306498545101843,5155,7.5,0,0
3051_2022_MN,0.018490754622688656,6003,7.5,0,0
3052_2022_MN,0.005728607232366631,8379,7.5,0,0
3053_2022_MN,0.12135231316725979,5620,7.5,0,0
3054_2022_MN,0.0922279792746114,5790,7.5,0,0
3055_2022_MN,0.010871568085498435,5427,7.5,0,0
3056_2021_MN,0.09361069836552749,2019,7.5,0,0
3057_2022_MN,0.0052268060481612845,5357,7.5,0,0
3058_2022_MN,0.14704296243034334,5563,7.5,0,0
3059_2022_MN,0.0069223573433115065,5345,7.5,0,0
3060_2022_MN,0.06386526596631649,5997,7.5,0,0
3061_2022_MN,0.0223342939481268,8328,7.5,0,0
3062_2022_MN,0.08977035490605428,5269,7.5,0,0
3063_2022_MN,0.012422360248447204,5474,7.5,0,0
3064_2022_MN,0.006406632749199171,5307,7.5,0,0
3066_2022_MN,0.20114606478774413,8551,7.5,0,0
3067_2022_MN,0.0012828736369467607,7795,7.5,0,0
3068_2022_MN,0.00018986140117714068,5267,7.5,0,0
3069_2022_MN,0.07465766272744326,5331,7.5,0,0
3070_2022_MN,0.07149256405662067,5581,7.5,0,0
3071_2022_MN,0.0025655121861828845,5457,7.5,0,0
3072_2022_MN,0.0910577971646674,5502,7.5,0,0
3073_2021_MN,0.14767932489451477,1422,7.5,0,0
3074_2021_MN,0.05435283279594657,2171,7.5,0,0
3075_2021_MN,0.34137291280148424,2695,7.5,18,0
3076_2021_MN,0.328525641025641,6240,7.5,0,0
3077_2021_MN,0.03580379520229144,2793,7.5,0,0
3078_2021_MN,0.2399571505088377,1867,7.5,0,0
3079_2021_MN,0.1938582947332304,5829,7.5,0,0
3080_2021_MN,0.12007089056269384,4514,7.5,0,0
3081_2021_MN,0.4017437961099933,2982,7.5,0,0
3082_2021_MN,0.11784168999745483,3929,7.5,0,0
3083_2022_MN,0.13848797250859107,2910,7.5,0,0
3084_2021_MN,0.05927342256214149,1569,7.5,0,0
3085_2021_MN,0.16513527309851966,3918,7.5,0,0
3086_2021_MN,0.573736855604001,3899,7.5,8,0
3087_2021_MN,0.036963696369636964,1515,7.5,0,0
3088_2021_MN,0.3348938826466916,3204,7.5,0,0
3089_2021_MN,0.005341880341880342,1872,7.5,0,0
3090_2021_MN,0.17797947908445147,5068,7.5,0,0
3091_2022_MN,0.2013274336283186,1808,7.5,12,0
3092_2021_MN,0.05291359678499665,1493,7.5,0,0
3093_2021_MN,0.022628372497824196,3447,7.5,0,0
3094_2021_MN,0.14756258234519104,1518,7.5,0,0
3095_2021_MN,0.0,1499,7.5,0,0
3096_2021_MN,0.2420656266810113,1859,7.5,0,0
3097_2021_MN,0.26043580992386456,3809,7.5,0,0
3098_2021_MN,0.10910980256321441,2887,7.5,2,0
3099_2021_MN,0.2664609053497942,2916,7.5,0,0
3100_2021_MN,0.13192840646651272,3464,7.5,0,0
3101_2021_MN,0.3089887640449438,1602,7.5,0,0
3102_2021_MN,0.14784394250513347,1461,7.5,0,0
3103_2021_MN,0.2699594046008119,1478,7.5,0,0
3104_2021_MN,0.009569377990430622,1463,7.5,0,0
3105_2022_MN,0.10837765957446809,1504,7.5,0,0
3106_2021_MN,0.1128428927680798,1604,7.5,0,0
3107_2022_MN,0.0842050209205021,1912,7.5,0,0
3108_2021_MN,0.17392795883361922,2915,7.5,0,0
3109_2021_MN,0.02857142857142857,3535,7.5,0,0
3110_2021_MN,0.2417391304347826,1725,7.5,0,0
3111_2021_MN,0.32934131736526945,1670,7.5,0,0
3112_2021_MN,0.00033818058843422386,2957,7.5,0,0
3113_2022_MN,0.025780189959294438,1474,7.5,0,0
3114_2021_MN,0.12123475230271347,4017,7.5,1,0
3115_2021_MN,0.08848864526233359,2554,7.5,0,0
3116_2021_MN,0.023424190800681432,2348,7.5,0,0
3117_2021_MN,0.08724230654317298,3347,7.5,0,0
3118_2021_MN,0.15086463923673227,1677,7.5,0,0
3119_2021_MN,0.0,1717,7.5,0,0
3120_2021_MN,0.0014104372355430183,2127,7.5,0,0
3121_2021_MN,0.11899109792284866,3370,7.5,0,0
3122_2021_MN,0.08674985145573381,3366,7.5,0,0
3123_2021_MN,0.03473491773308958,1641,7.5,0,0
3124_2021_MN,0.03175929795236105,2393,7.5,0,0
3125_2021_MN,0.21714990746452806,1621,7.5,0,0
3126_2021_MN,0.25488826815642457,1432,7.5,0,0
3127_2021_MN,0.35046248715313466,1946,7.5,0,0
3128_2022_MN,0.03633217993079585,1734,7.5,0,0
3129_2021_MN,0.31195423065341765,3321,7.5,0,0
3130_2021_MN,0.03156856297270635,3041,7.5,0,0
3131_2021_MN,0.05980448533640023,3478,7.5,0,0
3132_2022_MN,0.04286589099816289,1633,7.5,0,0
3133_2021_MN,0.0,1510,7.5,0,0
3134_2021_MN,0.282640730916593,3393,7.5,2,0
3135_2021_MN,0.0,2905,7.5,0,0
3136_2021_MN,0.023121387283236993,3114,7.5,0,0
3137_2021_MN,0.15706806282722513,3438,7.5,0,0
3138_2021_MN,0.3431818181818182,1320,7.5,0,0
3139_2021_MN,0.09932140653917335,1621,7.5,0,0
3140_2021_MN,0.15365703749231716,1627,7.5,0,0
3141_2021_MN,0.23461012311901505,1462,7.5,0,0
3142_2021_MN,0.04116945107398568,1676,7.5,0,0
3143_2021_MN,0.18894289185905225,1646,7.5,0,0
3144_2021_MN,0.040690505548705305,1622,7.5,0,0
3145_2021_MN,0.28388578930095176,3047,7.5,0,0
3146_2021_MN,0.0,2916,7.5,0,0
3147_2021_MN,0.14398943196829592,1514,7.5,0,0
3148_2021_MN,0.19593345656192238,1623,7.5,0,0
3149_2021_MN,0.016017587939698492,3184,7.5,0,0
3150_2021_MN,0.2109777015437393,2915,7.5,0,0
3151_2021_MN,0.0,1503,7.5,0,0
3152_2021_MN,0.14564068692206075,3028,7.5,0,0
3153_2021_MN,0.3071023674558186,2999,7.5,0,0
3154_2021_MN,0.3736951983298539,2874,7.5,0,0
3155_2021_MN,0.2333220453775821,2953,7.5,0,0
3156_2021_MN,0.24846335697399527,4230,7.5,0,0
3157_2022_MN,0.002201430930104568,1817,7.5,0,0
3158_2021_MN,0.23397635345364032,1607,7.5,0,0
3159_2021_MN,0.26346911957950064,1522,7.5,0,0
3160_2021_MN,0.030900723208415515,1521,7.5,0,0
3161_2021_MN,0.2944241792600313,1919,7.5,0,0
3162_2021_MN,0.17927823050058206,3436,7.5,0,0
3163_2022_MN,0.06336088154269973,1452,7.5,0,0
